RK,NAME,TEAM,SALARY
1,"Stephen Curry, PG",Golden State Warriors,"$48,070,014"
2,"LeBron James, SF",Los Angeles Lakers,"$44,474,988"
3,"Kevin Durant, PF",Phoenix Suns,"$44,119,845"
4,"Bradley Beal, SG",Washington Wizards,"$43,279,250"
5,"Damian Lillard, PG",Portland Trail Blazers,"$42,492,492"
6,"Giannis Antetokounmpo, PF",Milwaukee Bucks,"$42,492,492"
7,"Kawhi Leonard, SF",LA Clippers,"$42,492,492"
8,"Paul George, F",LA Clippers,"$42,492,492"
9,"Klay Thompson, SG",Golden State Warriors,"$40,600,080"
10,"Kyrie Irving, PG",Dallas Mavericks,"$38,917,057"
11,"Rudy Gobert, C",Minnesota Timberwolves,"$38,172,414"
12,"Anthony Davis, PF",Los Angeles Lakers,"$37,980,720"
13,"Khris Middleton, SF",Milwaukee Bucks,"$37,948,276"
14,"Jimmy Butler, SF",Miami Heat,"$37,653,300"
15,"Tobias Harris, PF",Philadelphia 76ers,"$37,633,050"
16,"Zach LaVine, SG",Chicago Bulls,"$37,096,500"
17,"Luka Doncic, PG",Dallas Mavericks,"$37,095,000"
18,"Trae Young, PG",Atlanta Hawks,"$37,095,000"
19,"Pascal Siakam, PF",Toronto Raptors,"$35,448,672"
20,"Ben Simmons, PG",Brooklyn Nets,"$35,448,672"
21,"Myles Turner, C",Indiana Pacers,"$35,096,500"
22,"Kristaps Porzingis, C",Washington Wizards,"$33,833,400"
23,"Devin Booker, SG",Phoenix Suns,"$33,833,400"
24,"Karl-Anthony Towns, C",Minnesota Timberwolves,"$33,833,400"
25,"Jrue Holiday, PG",Milwaukee Bucks,"$33,665,040"
26,"Joel Embiid, C",Philadelphia 76ers,"$33,616,770"
27,"Andrew Wiggins, SF",Golden State Warriors,"$33,616,770"
28,"CJ McCollum, SG",New Orleans Pelicans,"$33,333,333"
29,"Nikola Jokic, C",Denver Nuggets,"$33,047,804"
30,"James Harden, SG",Philadelphia 76ers,"$33,000,000"
31,"Brandon Ingram, SF",New Orleans Pelicans,"$31,650,600"
32,"Jamal Murray, PG",Denver Nuggets,"$31,650,000"
33,"D'Angelo Russell, PG",Los Angeles Lakers,"$31,377,750"
34,"Shai Gilgeous-Alexander, PG",Oklahoma City Thunder,"$30,913,750"
35,"Deandre Ayton, C",Phoenix Suns,"$30,913,750"
36,"Michael Porter Jr., SF",Denver Nuggets,"$30,913,750"
37,"Donovan Mitchell, SG",Cleveland Cavaliers,"$30,913,750"
38,"Bam Adebayo, C",Miami Heat,"$30,351,780"
39,"Gordon Hayward, SF",Charlotte Hornets,"$30,075,000"
40,"Jaren Jackson Jr., PF",Memphis Grizzlies,"$28,946,605"
41,"Jaylen Brown, SG",Boston Celtics,"$28,741,071"
42,"Chris Paul, PG",Phoenix Suns,"$28,400,000"
43,"Kyle Lowry, PG",Miami Heat,"$28,333,334"
44,"De'Aaron Fox, PG",Sacramento Kings,"$28,103,550"
45,"Jayson Tatum, SF",Boston Celtics,"$28,103,500"
46,"Jalen Brunson, PG",New York Knicks,"$27,733,332"
47,"DeMar DeRozan, SF",Chicago Bulls,"$27,300,000"
48,"Al Horford, C",Boston Celtics,"$26,500,000"
49,"Draymond Green, PF",Golden State Warriors,"$25,806,468"
50,"Julius Randle, PF",New York Knicks,"$23,760,000"
51,"John Collins, PF",Atlanta Hawks,"$23,500,000"
52,"Buddy Hield, SG",Indiana Pacers,"$22,768,890"
53,"Mike Conley, PG",Minnesota Timberwolves,"$22,680,000"
54,"Malcolm Brogdon, PG",Boston Celtics,"$22,600,000"
55,"Anfernee Simons, SG",Portland Trail Blazers,"$22,321,429"
56,"Nikola Vucevic, C",Chicago Bulls,"$22,000,000"
57,"Terry Rozier, SG",Charlotte Hornets,"$21,486,283"
58,"Fred VanVleet, SG",Toronto Raptors,"$21,250,000"
59,"Jerami Grant, SF",Portland Trail Blazers,"$20,955,000"
60,"Mikal Bridges, SF",Brooklyn Nets,"$20,100,000"
61,"Jarrett Allen, C",Cleveland Cavaliers,"$20,000,000"
62,"Aaron Gordon, PF",Denver Nuggets,"$19,690,909"
63,"Tim Hardaway Jr., SF",Dallas Mavericks,"$19,602,273"
64,"Eric Gordon, SG",LA Clippers,"$19,568,360"
65,"Bojan Bogdanovic, SF",Detroit Pistons,"$19,550,000"
66,"Lonzo Ball, PG",Chicago Bulls,"$19,534,884"
67,"Spencer Dinwiddie, PG",Brooklyn Nets,"$19,500,000"
68,"Eric Bledsoe, SG",Portland Trail Blazers,"$19,375,000"
69,"Caris LeVert, SG",Cleveland Cavaliers,"$18,796,296"
70,"Clint Capela, C",Atlanta Hawks,"$18,706,896"
71,"Joe Harris, SF",Brooklyn Nets,"$18,642,857"
72,"Domantas Sabonis, PF",Sacramento Kings,"$18,500,000"
73,"Harrison Barnes, SF",Sacramento Kings,"$18,352,273"
74,"Evan Fournier, SG",New York Knicks,"$18,000,000"
75,"Bogdan Bogdanovic, SG",Atlanta Hawks,"$18,000,000"
76,"Steven Adams, C",Memphis Grizzlies,"$17,926,829"
77,"Gary Trent Jr., SG",Toronto Raptors,"$17,505,000"
78,"Jonathan Isaac, PF",Orlando Magic,"$17,400,000"
79,"O.G. Anunoby, SF",Toronto Raptors,"$17,357,143"
80,"Marcus Smart, PG",Boston Celtics,"$17,207,141"
81,"Mitchell Robinson, C",New York Knicks,"$17,045,454"
82,"Duncan Robinson, F",Miami Heat,"$16,902,000"
83,"Derrick White, PG",Boston Celtics,"$16,892,857"
84,"Norman Powell, G",LA Clippers,"$16,758,621"
85,"Dejounte Murray, SG",Atlanta Hawks,"$16,571,120"
86,"Collin Sexton, PG",Utah Jazz,"$16,500,000"
87,"Markelle Fultz, PG",Orlando Magic,"$16,500,000"
88,"Lauri Markkanen, PF",Utah Jazz,"$16,475,454"
89,"Marcus Morris Sr., SF",LA Clippers,"$16,372,093"
90,"Davis Bertans, SF",Dallas Mavericks,"$16,000,000"
91,"Jusuf Nurkic, C",Portland Trail Blazers,"$15,625,000"
92,"Malik Beasley, SG",Los Angeles Lakers,"$15,558,035"
93,"Luguentz Dort, G",Oklahoma City Thunder,"$15,277,778"
94,"Jonas Valanciunas, C",New Orleans Pelicans,"$14,700,000"
95,"Derrick Rose, PG",New York Knicks,"$14,520,730"
96,"Kevin Huerter, SG",Sacramento Kings,"$14,508,929"
97,"Luke Kennard, SG",Memphis Grizzlies,"$14,415,545"
98,"Christian Wood, F",Dallas Mavericks,"$14,317,460"
99,"Wendell Carter Jr., C",Orlando Magic,"$14,150,000"
100,"Kentavious Caldwell-Pope, SG",Denver Nuggets,"$14,004,703"
101,"Brook Lopez, C",Milwaukee Bucks,"$13,906,976"
102,"Doug McDermott, SF",San Antonio Spurs,"$13,750,000"
103,"Zion Williamson, PF",New Orleans Pelicans,"$13,534,817"
104,"Jordan Clarkson, PG",Utah Jazz,"$13,340,000"
105,"Kyle Kuzma, SF",Washington Wizards,"$13,000,000"
106,"Gary Harris, SG",Orlando Magic,"$13,000,000"
107,"Josh Hart, SG",New York Knicks,"$12,960,000"
108,"Dorian Finney-Smith, PF",Brooklyn Nets,"$12,939,648"
109,"Chris Boucher, PF",Toronto Raptors,"$12,690,000"
110,"Kelly Oubre Jr., SG",Charlotte Hornets,"$12,600,000"
111,"Marvin Bagley III, PF",Detroit Pistons,"$12,500,000"
112,"Robert Covington, PF",LA Clippers,"$12,307,692"
113,"Kelly Olynyk, PF",Utah Jazz,"$12,195,122"
114,"Josh Richardson, SG",New Orleans Pelicans,"$11,615,328"
115,"Devonte' Graham, PG",San Antonio Spurs,"$11,550,000"
116,"Dillon Brooks, SF",Memphis Grizzlies,"$11,400,000"
117,"Richaun Holmes, F",Sacramento Kings,"$11,215,260"
118,"Dwight Powell, C",Dallas Mavericks,"$11,080,125"
119,"Paolo Banchero, PF",Orlando Magic,"$11,055,120"
120,"Robert Williams III, C",Boston Celtics,"$10,937,502"
121,"RJ Barrett, SG",New York Knicks,"$10,900,635"
122,"Bobby Portis, F",Milwaukee Bucks,"$10,843,350"
123,"Nicolas Batum, PF",LA Clippers,"$10,843,350"
124,"Anthony Edwards, SG",Minnesota Timberwolves,"$10,733,400"
125,"Cade Cunningham, PG",Detroit Pistons,"$10,552,800"
126,"P.J. Tucker, PF",Philadelphia 76ers,"$10,490,000"
127,"Mo Bamba, C",Los Angeles Lakers,"$10,300,000"
128,"Talen Horton-Tucker, SG",Utah Jazz,"$10,260,000"
129,"Derrick Favors, F",Atlanta Hawks,"$10,183,800"
130,"Jae Crowder, PF",Milwaukee Bucks,"$10,183,000"
131,"Ivica Zubac, C",LA Clippers,"$10,123,457"
132,"Alec Burks, SG",Detroit Pistons,"$10,012,800"
133,"Reggie Bullock, SF",Dallas Mavericks,"$10,012,800"
134,"Chet Holmgren, PF",Oklahoma City Thunder,"$9,891,240"
135,"De'Andre Hunter, SF",Atlanta Hawks,"$9,835,881"
136,"Larry Nance Jr., PF",New Orleans Pelicans,"$9,672,727"
137,"Ja Morant, PG",Memphis Grizzlies,"$9,603,360"
138,"James Wiseman, C",Detroit Pistons,"$9,603,360"
139,"Landry Shamet, SG",Phoenix Suns,"$9,500,000"
140,"Malik Monk, SG",Sacramento Kings,"$9,472,219"
141,"Jalen Green, SG",Houston Rockets,"$9,441,840"
142,"Jakob Poeltl, C",Toronto Raptors,"$9,398,148"
143,"Dario Saric, PF",Oklahoma City Thunder,"$9,240,000"
144,"Nerlens Noel, C",Brooklyn Nets,"$9,240,000"
145,"Royce O'Neale, PF",Brooklyn Nets,"$9,200,000"
146,"Monte Morris, PG",Washington Wizards,"$9,125,000"
147,"Mason Plumlee, C",LA Clippers,"$9,080,417"
148,"Alex Caruso, SG",Chicago Bulls,"$9,030,000"
149,"Maxi Kleber, PF",Dallas Mavericks,"$9,000,000"
150,"Darius Garland, PG",Cleveland Cavaliers,"$8,920,795"
151,"Jabari Smith Jr., PF",Houston Rockets,"$8,882,640"
152,"Kyle Anderson, SF",Minnesota Timberwolves,"$8,780,488"
153,"Victor Oladipo, SG",Miami Heat,"$8,750,000"
154,"Daniel Theis, C",Indiana Pacers,"$8,694,369"
155,"LaMelo Ball, PG",Charlotte Hornets,"$8,623,920"
156,"Nic Claxton, C",Brooklyn Nets,"$8,500,000"
157,"Grayson Allen, SG",Milwaukee Bucks,"$8,500,000"
158,"Seth Curry, SG",Brooklyn Nets,"$8,496,500"
159,"Evan Mobley, PF",Cleveland Cavaliers,"$8,478,720"
160,"Gary Payton II, SG",Golden State Warriors,"$8,300,000"
161,"De'Anthony Melton, SG",Philadelphia 76ers,"$8,250,000"
162,"T.J. McConnell, PG",Indiana Pacers,"$8,100,000"
163,"Keegan Murray, SF",Sacramento Kings,"$8,008,440"
164,"Thaddeus Young, PF",Toronto Raptors,"$8,000,000"
165,"Taurean Prince, PF",Minnesota Timberwolves,"$8,000,000"
166,"Kevon Looney, F",Golden State Warriors,"$8,000,000"
167,"Isaiah Hartenstein, C",New York Knicks,"$7,804,879"
168,"Delon Wright, SG",Washington Wizards,"$7,804,878"
169,"Patrick Williams, PF",Chicago Bulls,"$7,775,400"
170,"Scottie Barnes, SF",Toronto Raptors,"$7,644,720"
171,"Cedi Osman, SF",Cleveland Cavaliers,"$7,426,088"
172,"Coby White, PG",Chicago Bulls,"$7,413,955"
173,"Aron Baynes, C",Toronto Raptors,"$7,350,000"
174,"Zach Collins, PF",San Antonio Spurs,"$7,350,000"
175,"Jaden Ivey, PG",Detroit Pistons,"$7,252,200"
176,"Jae'Sean Tate, SF",Houston Rockets,"$7,065,217"
177,"Isaac Okoro, SF",Cleveland Cavaliers,"$7,040,880"
178,"Cody Martin, SF",Charlotte Hornets,"$7,000,000"
179,"Jalen Suggs, SG",Orlando Magic,"$6,922,320"
180,"Jaxson Hayes, C",New Orleans Pelicans,"$6,803,012"
181,"Khem Birch, C",Toronto Raptors,"$6,667,500"
182,"Bennedict Mathurin, SG",Indiana Pacers,"$6,586,800"
183,"Patty Mills, PG",Brooklyn Nets,"$6,479,000"
184,"Joe Ingles, SG",Milwaukee Bucks,"$6,479,000"
185,"Caleb Martin, SF",Miami Heat,"$6,479,000"
186,"Lonnie Walker IV, G",Los Angeles Lakers,"$6,479,000"
187,"John Wall, PG",LA Clippers,"$6,479,000"
188,"Bruce Brown, SF",Denver Nuggets,"$6,479,000"
189,"Danilo Gallinari, PF",Boston Celtics,"$6,479,000"
190,"Onyeka Okongwu, PF",Atlanta Hawks,"$6,395,160"
191,"Jarrett Culver, G",Atlanta Hawks,"$6,395,160"
192,"Josh Giddey, SG",Oklahoma City Thunder,"$6,287,280"
193,"Rui Hachimura, PF",Los Angeles Lakers,"$6,263,188"
194,"Rudy Gay, SF",Utah Jazz,"$6,184,500"
195,"Shaedon Sharpe, SG",Portland Trail Blazers,"$6,012,960"
196,"Otto Porter Jr., SF",Toronto Raptors,"$6,000,000"
197,"Cameron Payne, PG",Phoenix Suns,"$6,000,000"
198,"Cam Reddish, SF",Portland Trail Blazers,"$5,954,454"
199,"Cameron Johnson, SF",Brooklyn Nets,"$5,887,899"
200,"Ricky Rubio, PG",Cleveland Cavaliers,"$5,853,659"
201,"Kevin Knox II, SF",Portland Trail Blazers,"$5,845,979"
202,"P.J. Washington, PF",Charlotte Hornets,"$5,808,435"
203,"Jonathan Kuminga, PF",Golden State Warriors,"$5,739,860"
204,"Pat Connaughton, SG",Milwaukee Bucks,"$5,728,393"
205,"Tyler Herro, PG",Miami Heat,"$5,722,116"
206,"Romeo Langford, SG",San Antonio Spurs,"$5,634,257"
207,"Killian Hayes, PG",Detroit Pistons,"$5,572,680"
208,"Dyson Daniels, G",New Orleans Pelicans,"$5,508,600"
209,"JaVale McGee, C",Dallas Mavericks,"$5,461,219"
210,"Obi Toppin, PF",New York Knicks,"$5,348,280"
211,"Franz Wagner, SF",Orlando Magic,"$5,258,280"
212,"Kendrick Nunn, G",Washington Wizards,"$5,250,000"
213,"Hamidou Diallo, SG",Detroit Pistons,"$5,200,000"
214,"Cory Joseph, PG",Detroit Pistons,"$5,155,500"
215,"Torrey Craig, SF",Phoenix Suns,"$5,121,951"
216,"Jeremy Sochan, F",San Antonio Spurs,"$5,063,520"
217,"David Nwaba, SF",Oklahoma City Thunder,"$5,022,000"
218,"Nickeil Alexander-Walker, SG",Minnesota Timberwolves,"$5,009,633"
219,"Furkan Korkmaz, SG",Philadelphia 76ers,"$5,000,000"
220,"Dante Exum, PG",Houston Rockets,"$5,000,000"
221,"Lou Williams, SG",Atlanta Hawks,"$5,000,000"
222,"Deni Avdija, SF",Washington Wizards,"$4,916,160"
223,"Garrett Temple, SF",New Orleans Pelicans,"$4,910,000"
224,"Davion Mitchell, PG",Sacramento Kings,"$4,833,600"
225,"Johnny Davis, G",Washington Wizards,"$4,810,320"
226,"Ish Smith, PG",Denver Nuggets,"$4,750,000"
227,"Jalen Smith, PF",Indiana Pacers,"$4,670,160"
228,"Ziaire Williams, F",Memphis Grizzlies,"$4,591,680"
229,"Ousmane Dieng, F",Oklahoma City Thunder,"$4,569,840"
230,"Maurice Harkless, SF",Houston Rockets,"$4,564,980"
231,"Donte DiVincenzo, SG",Golden State Warriors,"$4,500,000"
232,"Jeff Green, PF",Denver Nuggets,"$4,500,000"
233,"Devin Vassell, SG",San Antonio Spurs,"$4,437,000"
234,"Matisse Thybulle, SG",Portland Trail Blazers,"$4,379,527"
235,"Jarred Vanderbilt, PF",Los Angeles Lakers,"$4,374,000"
236,"James Bouknight, SG",Charlotte Hornets,"$4,362,240"
237,"Brandon Clarke, PF",Memphis Grizzlies,"$4,343,920"
238,"Jalen Williams, F",Oklahoma City Thunder,"$4,341,480"
239,"Grant Williams, PF",Boston Celtics,"$4,306,281"
240,"Darius Bazley, PF",Phoenix Suns,"$4,264,629"
241,"Ty Jerome, SG",Golden State Warriors,"$4,220,057"
242,"Tyrese Haliburton, PG",Indiana Pacers,"$4,215,120"
243,"Nassir Little, SF",Portland Trail Blazers,"$4,171,548"
244,"Joshua Primo, SG",San Antonio Spurs,"$4,144,320"
245,"Jalen Duren, C",Detroit Pistons,"$4,124,280"
246,"Danuel House Jr., SF",Philadelphia 76ers,"$4,105,000"
247,"Justise Winslow, PF",Portland Trail Blazers,"$4,097,561"
248,"Dylan Windler, SG",Cleveland Cavaliers,"$4,037,278"
249,"Chandler Hutchison, SF",Phoenix Suns,"$4,019,459"
250,"Kira Lewis Jr., PG",New Orleans Pelicans,"$4,004,280"
251,"Terence Davis, SG",Sacramento Kings,"$4,000,000"
252,"George Hill, PG",Indiana Pacers,"$4,000,000"
253,"Chris Duarte, SG",Indiana Pacers,"$3,936,960"
254,"Ochai Agbaji, G",Utah Jazz,"$3,918,360"
255,"Alex Len, C",Sacramento Kings,"$3,918,000"
256,"Jordan Poole, SG",Golden State Warriors,"$3,901,399"
257,"Keldon Johnson, SF",San Antonio Spurs,"$3,873,025"
258,"Aaron Nesmith, SF",Indiana Pacers,"$3,804,360"
259,"Mark Williams, C",Charlotte Hornets,"$3,722,040"
260,"Gabriel Deck, SF",Oklahoma City Thunder,"$3,676,852"
261,"Cole Anthony, PG",Orlando Magic,"$3,613,680"
262,"Sekou Doumbouya, SF",Los Angeles Lakers,"$3,613,680"
263,"Moses Moody, SG",Golden State Warriors,"$3,562,200"
264,"Corey Kispert, SF",Washington Wizards,"$3,552,960"
265,"AJ Griffin, F",Atlanta Hawks,"$3,536,160"
266,"Mike Muscala, C",Boston Celtics,"$3,500,000"
267,"Georges Niang, SF",Philadelphia 76ers,"$3,465,000"
268,"Chuma Okeke, PF",Orlando Magic,"$3,433,320"
269,"Isaiah Stewart, C",Detroit Pistons,"$3,433,320"
270,"Amir Coffey, SG",LA Clippers,"$3,395,062"
271,"Alperen Sengun, C",Houston Rockets,"$3,375,480"
272,"Tari Eason, F",Houston Rockets,"$3,309,160"
273,"Aleksej Pokusevski, F",Oklahoma City Thunder,"$3,261,480"
274,"Trey Burke, PG",Oklahoma City Thunder,"$3,243,750"
275,"Kevin Porter Jr., SG",Houston Rockets,"$3,217,631"
276,"Trey Murphy III, SG",New Orleans Pelicans,"$3,206,640"
277,"Simone Fontecchio, F",Utah Jazz,"$3,205,128"
278,"Derrick Jones Jr., SF",Chicago Bulls,"$3,200,000"
279,"Andre Drummond, C",Chicago Bulls,"$3,200,000"
280,"Dalen Terry, F",Chicago Bulls,"$3,191,400"
281,"Kevin Love, PF",Miami Heat,"$3,114,138"
282,"Josh Green, SG",Dallas Mavericks,"$3,098,400"
283,"Jake LaRavia, F",Memphis Grizzlies,"$3,047,640"
284,"Tre Mann, PG",Oklahoma City Thunder,"$3,046,200"
285,"Sterling Brown, SF",Los Angeles Lakers,"$3,000,000"
286,"Jordan Nwora, SF",Indiana Pacers,"$3,000,000"
287,"Luka Samanic, F",Utah Jazz,"$2,959,080"
288,"Saddiq Bey, SF",Atlanta Hawks,"$2,959,080"
289,"Malaki Branham, G",San Antonio Spurs,"$2,925,600"
290,"Kai Jones, PF",Charlotte Hornets,"$2,909,040"
291,"Precious Achiuwa, PF",Toronto Raptors,"$2,840,160"
292,"Christian Braun, G",Denver Nuggets,"$2,808,600"
293,"Jalen Johnson, SF",Atlanta Hawks,"$2,792,640"
294,"Tyrese Maxey, PG",Philadelphia 76ers,"$2,726,880"
295,"Bruno Fernando, PF",Atlanta Hawks,"$2,717,391"
296,"Trey Lyles, PF",Sacramento Kings,"$2,700,000"
297,"Walker Kessler, C",Utah Jazz,"$2,696,400"
298,"Marc Gasol, C",Memphis Grizzlies,"$2,692,991"
299,"Anthony Tolliver, PF",New Orleans Pelicans,"$2,692,991"
300,"Keon Johnson, SG",Portland Trail Blazers,"$2,681,040"
301,"Charles Bassey, C",San Antonio Spurs,"$2,600,000"
302,"David Roddy, F",Memphis Grizzlies,"$2,588,640"
303,"Isaiah Jackson, SF",Indiana Pacers,"$2,573,760"
304,"Zeke Nnaji, PF",Denver Nuggets,"$2,498,760"
305,"MarJon Beauchamp, F",Milwaukee Bucks,"$2,485,200"
306,"Usman Garuba, PF",Houston Rockets,"$2,471,160"
307,"Montrezl Harrell, C",Philadelphia 76ers,"$2,463,490"
308,"Willy Hernangomez, C",New Orleans Pelicans,"$2,443,581"
309,"Blake Wesley, G",San Antonio Spurs,"$2,385,480"
310,"Josh Christopher, SG",Houston Rockets,"$2,372,160"
311,"Leandro Bolmaro, F",Utah Jazz,"$2,353,320"
312,"Immanuel Quickley, SG",New York Knicks,"$2,316,240"
313,"Wendell Moore Jr., G",Minnesota Timberwolves,"$2,306,520"
314,"John Konchar, SG",Memphis Grizzlies,"$2,300,000"
315,"Damian Jones, C",Utah Jazz,"$2,298,385"
316,"Quentin Grimes, SG",New York Knicks,"$2,277,000"
317,"Andrew Nembhard, PG",Indiana Pacers,"$2,244,111"
318,"Nikola Jovic, F",Miami Heat,"$2,239,920"
319,"Payton Pritchard, PG",Boston Celtics,"$2,239,200"
320,"Vlatko Cancar, SF",Denver Nuggets,"$2,234,359"
321,"Patrick Baldwin Jr., F",Golden State Warriors,"$2,226,000"
322,"TyTy Washington Jr., G",Houston Rockets,"$2,210,040"
323,"Bones Hyland, PG",LA Clippers,"$2,201,520"
324,"Bol Bol, C",Orlando Magic,"$2,200,000"
325,"Peyton Watson, F",Denver Nuggets,"$2,193,960"
326,"Marquese Chriss, SF",Oklahoma City Thunder,"$2,193,920"
327,"Nik Stauskas, G",Indiana Pacers,"$2,193,920"
328,"Udoka Azubuike, C",Utah Jazz,"$2,174,880"
329,"Jaden McDaniels, PF",Minnesota Timberwolves,"$2,161,440"
330,"Jordan McLaughlin, PG",Minnesota Timberwolves,"$2,160,000"
331,"Malachi Flynn, PG",Toronto Raptors,"$2,145,720"
332,"Cam Thomas, SG",Brooklyn Nets,"$2,138,160"
333,"Luke Kornet, C",Boston Celtics,"$2,133,278"
334,"Desmond Bane, SG",Memphis Grizzlies,"$2,130,240"
335,"Jahlil Okafor, C",Atlanta Hawks,"$2,130,023"
336,"Jaden Springer, G",Philadelphia 76ers,"$2,125,200"
337,"Day'Ron Sharpe, C",Brooklyn Nets,"$2,109,480"
338,"Jevon Carter, PG",Milwaukee Bucks,"$2,100,000"
339,"Santi Aldama, PF",Memphis Grizzlies,"$2,094,240"
340,"Frank Ntilikina, PG",Dallas Mavericks,"$2,036,318"
341,"Tony Bradley, C",Chicago Bulls,"$2,036,318"
342,"Jaylin Williams, F",Oklahoma City Thunder,"$2,000,000"
343,"Jeremiah Robinson-Earl, PF",Oklahoma City Thunder,"$2,000,000"
344,"Kenrich Williams, SF",Oklahoma City Thunder,"$2,000,000"
345,"Abdel Nader, SF",Phoenix Suns,"$2,000,000"
346,"Caleb Houstan, G",Orlando Magic,"$2,000,000"
347,"Danny Green, F",Cleveland Cavaliers,"$2,000,000"
348,"Garrison Mathews, SG",Atlanta Hawks,"$2,000,000"
349,"Shake Milton, SG",Philadelphia 76ers,"$1,977,718"
350,"Edmond Sumner, PG",Brooklyn Nets,"$1,968,175"
351,"Jontay Porter, PF",Memphis Grizzlies,"$1,950,000"
352,"Denzel Valentine, G",Boston Celtics,"$1,939,350"
353,"Daniel Gafford, C",Washington Wizards,"$1,930,681"
354,"Jalen McDaniels, PF",Philadelphia 76ers,"$1,930,681"
355,"Naz Reid, C",Minnesota Timberwolves,"$1,930,681"
356,"Jaylen Nowell, SG",Minnesota Timberwolves,"$1,930,681"
357,"Terance Mann, SG",LA Clippers,"$1,930,681"
358,"Dean Wade, PF",Cleveland Cavaliers,"$1,930,681"
359,"Lindy Waters III, F",Oklahoma City Thunder,"$1,927,896"
360,"Chimezie Metu, PF",Sacramento Kings,"$1,910,680"
361,"Davon Reed, SG",Los Angeles Lakers,"$1,902,133"
362,"Xavier Tillman, F",Memphis Grizzlies,"$1,901,625"
363,"Killian Tillie, SF",Memphis Grizzlies,"$1,901,625"
364,"Theo Maledon, PG",Charlotte Hornets,"$1,900,000"
365,"Keita Bates-Diop, SF",San Antonio Spurs,"$1,878,720"
366,"Moritz Wagner, C",Orlando Magic,"$1,878,720"
367,"Thanasis Antetokounmpo, SF",Milwaukee Bucks,"$1,878,720"
368,"Wenyen Gabriel, F",Los Angeles Lakers,"$1,878,720"
369,"Didi Louzada, SF",Cleveland Cavaliers,"$1,876,222"
370,"Oshae Brissett, SF",Indiana Pacers,"$1,846,738"
371,"Dennis Smith Jr., PG",Charlotte Hornets,"$1,836,090"
372,"Svi Mykhailiuk, SG",Charlotte Hornets,"$1,836,090"
373,"Juancho Hernangomez, PF",Toronto Raptors,"$1,836,090"
374,"Anthony Gill, PF",Washington Wizards,"$1,836,090"
375,"Taj Gibson, F",Washington Wizards,"$1,836,090"
376,"Juan Toscano-Anderson, SF",Utah Jazz,"$1,836,090"
377,"Isaiah Joe, SG",Oklahoma City Thunder,"$1,836,090"
378,"Justin Jackson, SF",Boston Celtics,"$1,836,090"
379,"Matthew Dellavedova, PG",Sacramento Kings,"$1,836,090"
380,"Drew Eubanks, PF",Portland Trail Blazers,"$1,836,090"
381,"Ryan Arcidiacono, G",Portland Trail Blazers,"$1,836,090"
382,"Josh Okogie, SF",Phoenix Suns,"$1,836,090"
383,"T.J. Warren, SF",Phoenix Suns,"$1,836,090"
384,"Damion Lee, SG",Phoenix Suns,"$1,836,090"
385,"Bismack Biyombo, C",Phoenix Suns,"$1,836,090"
386,"Nathan Knight, F",Minnesota Timberwolves,"$1,836,090"
387,"Matt Ryan, F",Minnesota Timberwolves,"$1,836,090"
388,"Bryn Forbes, SG",Minnesota Timberwolves,"$1,836,090"
389,"Austin Rivers, SG",Minnesota Timberwolves,"$1,836,090"
390,"Wesley Matthews, SG",Milwaukee Bucks,"$1,836,090"
391,"Udonis Haslem, PF",Miami Heat,"$1,836,090"
392,"Troy Brown Jr., SF",Los Angeles Lakers,"$1,836,090"
393,"Dennis Schroder, PG",Los Angeles Lakers,"$1,836,090"
394,"Frank Kaminsky, PF",Houston Rockets,"$1,836,090"
395,"JaMychal Green, F",Golden State Warriors,"$1,836,090"
396,"Andre Iguodala, F",Golden State Warriors,"$1,836,090"
397,"Rodney McGruder, G",Detroit Pistons,"$1,836,090"
398,"Thomas Bryant, C",Denver Nuggets,"$1,836,090"
399,"DeAndre Jordan, C",Denver Nuggets,"$1,836,090"
400,"Theo Pinson, G",Dallas Mavericks,"$1,836,090"
401,"Facundo Campazzo, G",Dallas Mavericks,"$1,836,090"
402,"Markieff Morris, PF",Dallas Mavericks,"$1,836,090"
403,"Raul Neto, PG",Cleveland Cavaliers,"$1,836,090"
404,"Robin Lopez, C",Cleveland Cavaliers,"$1,836,090"
405,"Noah Vonleh, PF",Boston Celtics,"$1,836,090"
406,"Blake Griffin, PF",Boston Celtics,"$1,836,090"
407,"Aaron Holiday, G",Atlanta Hawks,"$1,836,090"
408,"Wes Iwundu, F",Sacramento Kings,"$1,824,003"
409,"Dwayne Bacon, SG",Los Angeles Lakers,"$1,824,003"
410,"Max Strus, SG",Miami Heat,"$1,815,677"
411,"Gabe Vincent, PG",Miami Heat,"$1,815,677"
412,"Javonte Green, SF",Chicago Bulls,"$1,815,677"
413,"Juwan Morgan, F",LA Clippers,"$1,815,518"
414,"Herbert Jones, SF",New Orleans Pelicans,"$1,785,000"
415,"Nick Richards, C",Charlotte Hornets,"$1,782,621"
416,"Vernon Carey Jr., C",Washington Wizards,"$1,782,621"
417,"Tre Jones, PG",San Antonio Spurs,"$1,782,621"
418,"KZ Okpala, SF",Sacramento Kings,"$1,782,621"
419,"Paul Reed, SF",Philadelphia 76ers,"$1,782,621"
420,"Yogi Ferrell, PG",LA Clippers,"$1,782,621"
421,"Kenyon Martin Jr., F",Houston Rockets,"$1,782,621"
422,"Alen Smailagic, PF",Golden State Warriors,"$1,782,621"
423,"Lamar Stevens, F",Cleveland Cavaliers,"$1,782,621"
424,"Naji Marshall, SF",New Orleans Pelicans,"$1,782,621"
425,"Miye Oni, SG",New Orleans Pelicans,"$1,782,621"
426,"Yuta Watanabe, SF",Brooklyn Nets,"$1,762,796"
427,"Khyri Thomas, SG",Houston Rockets,"$1,762,796"
428,"Saben Lee, G",Philadelphia 76ers,"$1,752,638"
429,"Devin Cannady, G",Orlando Magic,"$1,752,638"
430,"Luca Vildoza, G",Milwaukee Bucks,"$1,752,638"
431,"Rayjon Tucker, G",Milwaukee Bucks,"$1,752,638"
432,"Haywood Highsmith, F",Miami Heat,"$1,752,638"
433,"Omer Yurtseven, C",Miami Heat,"$1,752,638"
434,"Malik Fitts, F",LA Clippers,"$1,752,638"
435,"Paul Watson, SG",Oklahoma City Thunder,"$1,701,593"
436,"Charlie Brown Jr., G",Philadelphia 76ers,"$1,701,593"
437,"Kelan Martin, SG",New Orleans Pelicans,"$1,701,593"
438,"Mfiondu Kabengele, C",Boston Celtics,"$1,701,593"
439,"Sam Dekker, F",Toronto Raptors,"$1,669,178"
440,"Jarrell Brantley, PF",Utah Jazz,"$1,669,178"
441,"E'Twaun Moore, G",Orlando Magic,"$1,669,178"
442,"Solomon Hill, SF",New York Knicks,"$1,669,178"
443,"Trevor Ariza, SF",Los Angeles Lakers,"$1,669,178"
444,"Semi Ojeleye, PF",LA Clippers,"$1,669,178"
445,"Kevin Pangos, G",Cleveland Cavaliers,"$1,669,178"
446,"Jabari Parker, PF",Boston Celtics,"$1,669,178"
447,"Enes Freedom, C",Houston Rockets,"$1,669,178"
448,"Jericho Sims, C",New York Knicks,"$1,639,842"
449,"Kessler Edwards, SF",Sacramento Kings,"$1,637,966"
450,"Trevelin Queen, SG",Indiana Pacers,"$1,637,966"
451,"Isaiah Todd, PF",Washington Wizards,"$1,575,000"
452,"JT Thor, F",Charlotte Hornets,"$1,563,518"
453,"Aaron Wiggins, SG",Oklahoma City Thunder,"$1,563,518"
454,"Jared Butler, SG",Oklahoma City Thunder,"$1,563,518"
455,"Greg Brown III, PF",Portland Trail Blazers,"$1,563,518"
456,"Trendon Watford, PF",Portland Trail Blazers,"$1,563,518"
457,"Jock Landale, C",Phoenix Suns,"$1,563,518"
458,"Miles McBride, PG",New York Knicks,"$1,563,518"
459,"Duane Washington Jr., PG",Phoenix Suns,"$1,563,518"
460,"Austin Reaves, SG",Los Angeles Lakers,"$1,563,518"
461,"Brandon Boston Jr., SG",LA Clippers,"$1,563,518"
462,"Jason Preston, PG",LA Clippers,"$1,563,518"
463,"Daishen Nix, SG",Houston Rockets,"$1,563,518"
464,"Isaiah Livers, PF",Detroit Pistons,"$1,563,518"
465,"Marko Simonovic, C",Chicago Bulls,"$1,563,518"
466,"Ayo Dosunmu, SG",Chicago Bulls,"$1,563,518"
467,"Terry Taylor, F",Chicago Bulls,"$1,563,518"
468,"Jose Alvarado, PG",New Orleans Pelicans,"$1,563,518"
469,"Sam Hauser, SF",Boston Celtics,"$1,563,518"
470,"Vit Krejci, G",Atlanta Hawks,"$1,563,518"
471,"Dalano Banton, PG",Toronto Raptors,"$1,563,318"
472,"Daniel Oturu, C",Toronto Raptors,"$1,517,981"
473,"Caleb Homesley, SG",Washington Wizards,"$1,517,981"
474,"Jahmi'us Ramsey, SG",Sacramento Kings,"$1,517,981"
475,"Elijah Bryant, SG",Milwaukee Bucks,"$1,517,981"
476,"Deividas Sirvydis, F",Indiana Pacers,"$1,517,981"
477,"Mamadi Diakite, F",Cleveland Cavaliers,"$1,517,981"
478,"Tyus Jones, PG",Memphis Grizzlies,"$1,500,000"
479,"Christian Koloko, C",Toronto Raptors,"$1,500,000"
480,"Alize Johnson, F",San Antonio Spurs,"$1,392,896"
